{
  "project_info": {
    "project_number": "273042952147",
    "firebase_url": "https://simple-push-cordova-4a10d.firebaseio.com",
    "project_id": "simple-push-cordova-4a10d",
    "storage_bucket": "simple-push-cordova-4a10d.appspot.com"
  },
  "client": [
    {
      "client_info": {
        "mobilesdk_app_id": "1:273042952147:android:a46d877862171c74",
        "android_client_info": {
          "package_name": "com.datalake.StudentTrack"
        }
      },
      "oauth_client": [
        {
          "client_id": "273042952147-7u4vnrvn3htr3cv15qrn6eelej00l3dh.apps.googleusercontent.com",
          "client_type": 1,
          "android_info": {
            "package_name": "com.datalake.StudentTrack",
            "certificate_hash": "c42f2213e5ec7b13ee99295611fbde1d65e27963"
          }
        },
        {
          "client_id": "273042952147-s2uie6i0d4kb9bsd7fch2stna5ctk10p.apps.googleusercontent.com",
          "client_type": 3
        }
      ],
      "api_key": [
        {
          "current_key": "AIzaSyAkLN8HhBqybokRsLZe6HpyIHMBzDl8t8w"
        }
      ],
      "services": {
        "appinvite_service": {
          "other_platform_oauth_client": [
            {
              "client_id": "273042952147-s2uie6i0d4kb9bsd7fch2stna5ctk10p.apps.googleusercontent.com",
              "client_type": 3
            },
            {
              "client_id": "273042952147-dkkep5sbvjgbapu11pvcsgb679ek0k2b.apps.googleusercontent.com",
              "client_type": 2,
              "ios_info": {
                "bundle_id": "com.datalake.StudentTrack",
                "app_store_id": "1449013457"
              }
            }
          ]
        }
      }
    },
    {
      "client_info": {
        "mobilesdk_app_id": "1:273042952147:android:e30d1f58b90fc2297fe926",
        "android_client_info": {
          "package_name": "com.dls.busbuddy_v1"
        }
      },
      "oauth_client": [
        {
          "client_id": "273042952147-g5dnfj7g9qqe7p905bn01oma20s0oj6b.apps.googleusercontent.com",
          "client_type": 1,
          "android_info": {
            "package_name": "com.dls.busbuddy_v1",
            "certificate_hash": "c42f2213e5ec7b13ee99295611fbde1d65e27963"
          }
        },
        {
          "client_id": "273042952147-s2uie6i0d4kb9bsd7fch2stna5ctk10p.apps.googleusercontent.com",
          "client_type": 3
        }
      ],
      "api_key": [
        {
          "current_key": "AIzaSyAkLN8HhBqybokRsLZe6HpyIHMBzDl8t8w"
        }
      ],
      "services": {
        "appinvite_service": {
          "other_platform_oauth_client": [
            {
              "client_id": "273042952147-s2uie6i0d4kb9bsd7fch2stna5ctk10p.apps.googleusercontent.com",
              "client_type": 3
            },
            {
              "client_id": "273042952147-dkkep5sbvjgbapu11pvcsgb679ek0k2b.apps.googleusercontent.com",
              "client_type": 2,
              "ios_info": {
                "bundle_id": "com.datalake.StudentTrack",
                "app_store_id": "1449013457"
              }
            }
          ]
        }
      }
    },
    {
      "client_info": {
        "mobilesdk_app_id": "1:273042952147:android:c850dababb6afa6f7fe926",
        "android_client_info": {
          "package_name": "com.example.firstproject"
        }
      },
      "oauth_client": [
        {
          "client_id": "273042952147-6n9a716v6r7jpic7tuh2u721m37d8hhg.apps.googleusercontent.com",
          "client_type": 1,
          "android_info": {
            "package_name": "com.example.firstproject",
            "certificate_hash": "c42f2213e5ec7b13ee99295611fbde1d65e27963"
          }
        },
        {
          "client_id": "273042952147-s2uie6i0d4kb9bsd7fch2stna5ctk10p.apps.googleusercontent.com",
          "client_type": 3
        }
      ],
      "api_key": [
        {
          "current_key": "AIzaSyAkLN8HhBqybokRsLZe6HpyIHMBzDl8t8w"
        }
      ],
      "services": {
        "appinvite_service": {
          "other_platform_oauth_client": [
            {
              "client_id": "273042952147-s2uie6i0d4kb9bsd7fch2stna5ctk10p.apps.googleusercontent.com",
              "client_type": 3
            },
            {
              "client_id": "273042952147-dkkep5sbvjgbapu11pvcsgb679ek0k2b.apps.googleusercontent.com",
              "client_type": 2,
              "ios_info": {
                "bundle_id": "com.datalake.StudentTrack",
                "app_store_id": "1449013457"
              }
            }
          ]
        }
      }
    }
  ],
  "configuration_version": "1"
}